Experiment,PAS,BVS,ORA,DEI,CRRS,N
Exp1,0.5885416666666665,0.21819058641975306,0.6079026256967432,0.0,0.40353945294447746,60
Exp2,0.5845982142857143,0.4848875661375661,0.5820275982187746,0.19999999999999993,0.4868367261755129,60
Exp3,0.5540872883244208,0.6889805384984048,0.785130118593909,0.4981481481481482,0.6507431009182841,60
Exp4,0.6610896164021163,0.0,0.601949326902887,0.43238756613756607,0.4624321817440528,60
Exp5,0.7056997528543582,0.8389086141279125,0.7849529174529175,0.9936805555555556,0.8176762932588043,60
